FAM;SFA;                LIBELLE                 ;% MARGE THEORIQUE;DATE  DE CREATION;C.A. P.V. M-1;C.A. P.V. M;C.A. P.A. M-1;C.A. P.A. M;QTE VENDUE M-1;QTE VENDUE M;C.A. P.V. N-2;C.A. P.V. N-1;C.A. P.V. N;C.A. P.A. N-2;C.A. P.A. N-1;C.A. P.A. N;QTE VENDUE N-2;QTE VENDUE N-1;QTE VENDUE N;CA Janvier N-2;CA Fevrier N-2;CA Mars N-2;CA Avril N-2;CA Mai N-2 ;CA Juin N-2;CA Juillet N-2;CA Aout N-2;CA Septembre N-2;CA Octobre N-2;CA Novembre N-2;CA Decembre N-2;CA Janvier N-1;CA Fevrier N-1;CA Mars N-1;CA Avril N-1;CA Mai N-1 ;CA Juin N-1;CA Juillet N-1;CA Aout N-1;CA Septembre N-1;CA Octobre N-1;CA Novembre N-1;CA Decembre N-1;CA Janvier N;CA Fevrier N; CA Mars N ;CA Avril N ; CA Mai N  ; CA Juin N ;CA Juillet N; CA Aout N ;CA Septembre N;CA Octobre N;CA Novembre N;CA Decembre N
CIM;CIM;Cession / Immobilisation                ;   0,00          ;01/10/06         ;       0,00  ;       0,00;       0,00  ;       0,00;       0      ;       0    ;     -16,66  ;       0,00  ;       0,00;      -8,33  ;       0,00  ;       0,00;      -2      ;       0      ;       0    ;       0,00   ;     -16,66   ;       0,00;       0,00 ;       0,00;       0,00;       0,00   ;       0,00;       0,00     ;       0,00   ;       0,00    ;       0,00    ;       0,00   ;       0,00   ;       0,00;       0,00 ;       0,00;       0,00;       0,00   ;       0,00;       0,00     ;       0,00   ;       0,00    ;       0,00    ;       0,00 ;       0,00 ;       0,00;       0,00;       0,00;       0,00;       0,00 ;       0,00;       0,00   ;       0,00 ;       0,00  ;       0,00  
LB1;LBA;LOCATION ACCESSOIRES - MOBILITE         ;  40,00          ;01/10/06         ;       0,00  ;       0,00;       0,00  ;       0,00;       0      ;       0    ;       0,00  ;       0,00  ;       0,00;       0,00  ;       0,00  ;       0,00;       0      ;       0      ;       0    ;       0,00   ;       0,00   ;       0,00;       0,00 ;       0,00;       0,00;       0,00   ;       0,00;       0,00     ;       0,00   ;       0,00    ;       0,00    ;       0,00   ;       0,00   ;       0,00;       0,00 ;       0,00;       0,00;       0,00   ;       0,00;       0,00     ;       0,00   ;       0,00    ;       0,00    ;       0,00 ;       0,00 ;       0,00;       0,00;       0,00;       0,00;       0,00 ;       0,00;       0,00   ;       0,00 ;       0,00  ;       0,00  
LB1;LBB;LOCATION DIVERS MOBILITE                ;  40,00          ;01/10/06         ;       0,00  ;       0,00;       0,00  ;       0,00;       0      ;       0    ;       0,00  ;       0,00  ;       0,00;       0,00  ;       0,00  ;       0,00;       0      ;       0      ;       0    ;       0,00   ;       0,00   ;       0,00;       0,00 ;       0,00;       0,00;       0,00   ;       0,00;       0,00     ;       0,00   ;       0,00    ;       0,00    ;       0,00   ;       0,00   ;       0,00;       0,00 ;       0,00;       0,00;       0,00   ;       0,00;       0,00     ;       0,00   ;       0,00    ;       0,00    ;       0,00 ;       0,00 ;       0,00;       0,00;       0,00;       0,00;       0,00 ;       0,00;       0,00   ;       0,00 ;       0,00  ;       0,00  
LB1;LBD;LOCATION DEAMBULATEUR                   ;  40,00          ;01/10/06         ;       0,00  ;       0,00;       0,00  ;       0,00;       0      ;       0    ;       0,00  ;       0,00  ;       0,00;       0,00  ;       0,00  ;       0,00;       0      ;       0      ;       0    ;       0,00   ;       0,00   ;       0,00;       0,00 ;       0,00;       0,00;       0,00   ;       0,00;       0,00     ;       0,00   ;       0,00    ;       0,00    ;       0,00   ;       0,00   ;       0,00;       0,00 ;       0,00;       0,00;       0,00   ;       0,00;       0,00     ;       0,00   ;       0,00    ;       0,00    ;       0,00 ;       0,00 ;       0,00;       0,00;       0,00;       0,00;       0,00 ;       0,00;       0,00   ;       0,00 ;       0,00  ;       0,00  
LB1;LBM;LOCATION AIDE A LA MARCHE               ;  40,00          ;01/10/06         ;       0,00  ;       0,00;       0,00  ;       0,00;       0      ;       0    ;       0,00  ;       0,00  ;       0,00;       0,00  ;       0,00  ;       0,00;       0      ;       0      ;       0    ;       0,00   ;       0,00   ;       0,00;       0,00 ;       0,00;       0,00;       0,00   ;       0,00;       0,00     ;       0,00   ;       0,00    ;       0,00    ;       0,00   ;       0,00   ;       0,00;       0,00 ;       0,00;       0,00;       0,00   ;       0,00;       0,00     ;       0,00   ;       0,00    ;       0,00    ;       0,00 ;       0,00 ;       0,00;       0,00;       0,00;       0,00;       0,00 ;       0,00;       0,00   ;       0,00 ;       0,00  ;       0,00  
LC1;LCD;LOCATION CONFORT DIVERS                 ;  40,00          ;01/10/06         ;       0,00  ;       0,00;       0,00  ;       0,00;       0      ;       0    ;     536,68  ;     571,66  ;    1268,32;     322,00  ;     343,00  ;     761,00;      46      ;      49      ;     109    ;      58,34   ;      46,67   ;       0,00;     105,00 ;       0,00;      93,33;      46,67   ;      46,67;       0,00     ;      81,67   ;      58,33    ;       0,00    ;     116,67   ;      58,33   ;       0,00;       0,00 ;       0,00;       0,00;     268,33   ;       0,00;       0,00     ;     128,33   ;       0,00    ;       0,00    ;     315,00 ;     186,66 ;     653,33;       0,00;      68,00;      45,33;       0,00 ;       0,00;       0,00   ;       0,00 ;       0,00  ;       0,00  
LC1;LFR;LOCATION FAUTEUIL DE REPOS              ;  40,00          ;01/10/06         ;       0,00  ;       0,00;       0,00  ;       0,00;       0      ;       0    ;       0,00  ;       0,00  ;       0,00;       0,00  ;       0,00  ;       0,00;       0      ;       0      ;       0    ;       0,00   ;       0,00   ;       0,00;       0,00 ;       0,00;       0,00;       0,00   ;       0,00;       0,00     ;       0,00   ;       0,00    ;       0,00    ;       0,00   ;       0,00   ;       0,00;       0,00 ;       0,00;       0,00;       0,00   ;       0,00;       0,00     ;       0,00   ;       0,00    ;       0,00    ;       0,00 ;       0,00 ;       0,00;       0,00;       0,00;       0,00;       0,00 ;       0,00;       0,00   ;       0,00 ;       0,00  ;       0,00  
LC1;LOS;LOCATION SOMMEIL                        ;  60,00          ;30/04/10         ;       0,00  ;       0,00;       0,00  ;       0,00;       0      ;       0    ;     915,00  ;    1890,00  ;       0,00;     366,00  ;     756,00  ;       0,00;      61      ;     126      ;      35    ;       0,00   ;       0,00   ;       0,00;       0,00 ;       0,00;       0,00;       0,00   ;       0,00;       0,00     ;     840,00   ;      75,00    ;       0,00    ;     135,00   ;    1290,00   ;      60,00;      60,00 ;       0,00;     150,00;      60,00   ;      15,00;       0,00     ;     120,00   ;       0,00    ;       0,00    ;       0,00 ;       0,00 ;       0,00;       0,00;       0,00;       0,00;       0,00 ;       0,00;       0,00   ;       0,00 ;       0,00  ;       0,00  
LC1;LPG;LOCATION PESAGE GRAND PUBLIC            ;  40,00          ;01/10/06         ;       0,00  ;       0,00;       0,00  ;       0,00;       0      ;       0    ;       0,00  ;       0,00  ;       0,00;       0,00  ;       0,00  ;       0,00;       0      ;       0      ;       0    ;       0,00   ;       0,00   ;       0,00;       0,00 ;       0,00;       0,00;       0,00   ;       0,00;       0,00     ;       0,00   ;       0,00    ;       0,00    ;       0,00   ;       0,00   ;       0,00;       0,00 ;       0,00;       0,00;       0,00   ;       0,00;       0,00     ;       0,00   ;       0,00    ;       0,00    ;       0,00 ;       0,00 ;       0,00;       0,00;       0,00;       0,00;       0,00 ;       0,00;       0,00   ;       0,00 ;       0,00  ;       0,00  
LC1;LTG;LOCATION TENSIOMETRE GRAND PUBLIC       ;  40,00          ;01/10/06         ;       0,00  ;       0,00;       0,00  ;       0,00;       0      ;       0    ;       0,00  ;       0,00  ;       0,00;       0,00  ;       0,00  ;       0,00;       0      ;       0      ;       0    ;       0,00   ;       0,00   ;       0,00;       0,00 ;       0,00;       0,00;       0,00   ;       0,00;       0,00     ;       0,00   ;       0,00    ;       0,00    ;       0,00   ;       0,00   ;       0,00;       0,00 ;       0,00;       0,00;       0,00   ;       0,00;       0,00     ;       0,00   ;       0,00    ;       0,00    ;       0,00 ;       0,00 ;       0,00;       0,00;       0,00;       0,00;       0,00 ;       0,00;       0,00   ;       0,00 ;       0,00  ;       0,00  
LD1;LDA;LOCATION ACCESSOIRES MAD                ;  40,00          ;01/10/06         ;       0,00  ;       0,00;       0,00  ;       0,00;       0      ;       0    ;    2609,69  ;     888,30  ;       0,00;    1592,44  ;     666,40  ;       0,00;      51      ;      20      ;       0    ;     277,63   ;     222,10   ;       0,00;     388,68 ;       0,00;     444,20;     222,10   ;     222,10;     277,63     ;     333,15   ;     222,10    ;       0,00    ;       0,00   ;       0,00   ;       0,00;       0,00 ;       0,00;       0,00;    1110,50   ;       0,00;       0,00     ;       0,00   ;    -222,20    ;       0,00    ;       0,00 ;       0,00 ;       0,00;       0,00;       0,00;       0,00;       0,00 ;       0,00;       0,00   ;       0,00 ;       0,00  ;       0,00  
LD1;LDD;LOCATION DIVERS MAD                     ;  40,00          ;01/10/06         ;       0,00  ;       0,00;       0,00  ;       0,00;       0      ;       0    ;    2923,98  ;    2538,51  ;    2113,43;    1753,84  ;    1523,00  ;    1268,00;     200      ;     105      ;      87    ;     353,17   ;     147,61   ;       0,00;     223,44 ;       0,00;     236,17;    1252,98   ;     106,35;     165,49     ;     291,16   ;     147,61    ;       0,00    ;     484,19   ;     145,02   ;     193,35;     241,68 ;       0,00;     362,53;      96,68   ;       0,00;       0,00     ;     773,37   ;     241,69    ;       0,00    ;     314,18 ;     977,52 ;     290,03;      96,67;     217,52;     217,51;       0,00 ;       0,00;       0,00   ;       0,00 ;       0,00  ;       0,00  
LD1;LDG;LOCATION FAUTEUIL GARDE ROBE            ;  40,00          ;01/10/06         ;       0,00  ;       0,00;       0,00  ;       0,00;       0      ;       0    ;       0,00  ;       0,00  ;       0,00;       0,00  ;       0,00  ;       0,00;       0      ;       0      ;       0    ;       0,00   ;       0,00   ;       0,00;       0,00 ;       0,00;       0,00;       0,00   ;       0,00;       0,00     ;       0,00   ;       0,00    ;       0,00    ;       0,00   ;       0,00   ;       0,00;       0,00 ;       0,00;       0,00;       0,00   ;       0,00;       0,00     ;       0,00   ;       0,00    ;       0,00    ;       0,00 ;       0,00 ;       0,00;       0,00;       0,00;       0,00;       0,00 ;       0,00;       0,00   ;       0,00 ;       0,00  ;       0,00  
LD1;LDR;LOCATION FAUTEUIL ROULANT               ;  40,00          ;01/10/06         ;       0,00  ;       0,00;       0,00  ;       0,00;       0      ;       0    ;    1120,50  ;    1000,52  ;     874,14;     672,54  ;     600,36  ;     524,61;      78      ;      90      ;      83    ;     205,59   ;     208,99   ;       0,00;     203,88 ;       0,00;     186,75;      54,83   ;      41,13;       0,00     ;     164,50   ;      54,83    ;       0,00    ;     145,52   ;     435,00   ;      70,00;      40,00 ;       0,00;      90,00;      40,00   ;       0,00;       0,00     ;     120,00   ;      60,00    ;       0,00    ;      50,00 ;      50,00 ;     684,14;       0,00;      50,00;      40,00;       0,00 ;       0,00;       0,00   ;       0,00 ;       0,00  ;       0,00  
LD1;LDS;LOCATION SANGLES DE SOULEVE MALADE      ;  40,00          ;01/10/06         ;       0,00  ;       0,00;       0,00  ;       0,00;       0      ;       0    ;       0,00  ;       0,00  ;       0,00;       0,00  ;       0,00  ;       0,00;       0      ;       0      ;       0    ;       0,00   ;       0,00   ;       0,00;       0,00 ;       0,00;       0,00;       0,00   ;       0,00;       0,00     ;       0,00   ;       0,00    ;       0,00    ;       0,00   ;       0,00   ;       0,00;       0,00 ;       0,00;       0,00;       0,00   ;       0,00;       0,00     ;       0,00   ;       0,00    ;       0,00    ;       0,00 ;       0,00 ;       0,00;       0,00;       0,00;       0,00;       0,00 ;       0,00;       0,00   ;       0,00 ;       0,00  ;       0,00  
LO1;LA1;LOCATIONS DIVERSES A 20.0 %             ;  80,00          ;01/10/06         ;       0,00  ;       0,00;       0,00  ;       0,00;       0      ;       0    ;     300,00  ;    2758,67  ;    1283,50;      60,00  ;     551,73  ;     256,70;       3      ;     164      ;      37    ;       0,00   ;       0,00   ;     300,00;       0,00 ;       0,00;       0,00;       0,00   ;       0,00;       0,00     ;       0,00   ;       0,00    ;       0,00    ;     109,17   ;       0,00   ;    1200,00;    1155,00 ;       0,00;      85,50;      47,50   ;       0,00;       0,00     ;      95,00   ;      66,50    ;       0,00    ;      47,50 ;      47,50 ;    1197,00;       0,00;     -46,50;      38,00;       0,00 ;       0,00;       0,00   ;       0,00 ;       0,00  ;       0,00  
LO1;LOR;LOCATION OXYGENE                        ;  15,00          ;30/04/10         ;       0,00  ;       0,00;       0,00  ;       0,00;       0      ;       0    ;       0,00  ;       0,00  ;       0,00;       0,00  ;       0,00  ;       0,00;       0      ;       0      ;       0    ;       0,00   ;       0,00   ;       0,00;       0,00 ;       0,00;       0,00;       0,00   ;       0,00;       0,00     ;       0,00   ;       0,00    ;       0,00    ;       0,00   ;       0,00   ;       0,00;       0,00 ;       0,00;       0,00;       0,00   ;       0,00;       0,00     ;       0,00   ;       0,00    ;       0,00    ;       0,00 ;       0,00 ;       0,00;       0,00;       0,00;       0,00;       0,00 ;       0,00;       0,00   ;       0,00 ;       0,00  ;       0,00  
LO2;LA2;LOCATIONS DIVERSES A 5.5 %              ;  80,00          ;01/10/06         ;       0,00  ;       0,00;       0,00  ;       0,00;       0      ;       0    ;       0,00  ;       0,00  ;       0,00;       0,00  ;       0,00  ;       0,00;       0      ;       0      ;       0    ;       0,00   ;       0,00   ;       0,00;       0,00 ;       0,00;       0,00;       0,00   ;       0,00;       0,00     ;       0,00   ;       0,00    ;       0,00    ;       0,00   ;       0,00   ;       0,00;       0,00 ;       0,00;       0,00;       0,00   ;       0,00;       0,00     ;       0,00   ;       0,00    ;       0,00    ;       0,00 ;       0,00 ;       0,00;       0,00;       0,00;       0,00;       0,00 ;       0,00;       0,00   ;       0,00 ;       0,00  ;       0,00  
LO3;LA3;Location … 2.10%                        ;  60,00          ;30/04/10         ;       0,00  ;       0,00;       0,00  ;       0,00;       0      ;       0    ;       0,00  ;       0,00  ;    1792,48;       0,00  ;       0,00  ;     717,00;       0      ;       0      ;      12    ;       0,00   ;       0,00   ;       0,00;       0,00 ;       0,00;       0,00;       0,00   ;       0,00;       0,00     ;       0,00   ;       0,00    ;       0,00    ;       0,00   ;       0,00   ;       0,00;       0,00 ;       0,00;       0,00;       0,00   ;       0,00;       0,00     ;       0,00   ;       0,00    ;       0,00    ;       0,00 ;       0,00 ;     448,12;     298,74;     746,87;     298,75;       0,00 ;       0,00;       0,00   ;       0,00 ;       0,00  ;       0,00  
LO3;LOV;LOCATION VENTILATION                    ;  60,00          ;30/04/10         ;       0,00  ;       0,00;       0,00  ;       0,00;       0      ;       0    ;       0,00  ;       0,00  ;       0,00;       0,00  ;       0,00  ;       0,00;       0      ;       0      ;       0    ;       0,00   ;       0,00   ;       0,00;       0,00 ;       0,00;       0,00;       0,00   ;       0,00;       0,00     ;       0,00   ;       0,00    ;       0,00    ;       0,00   ;       0,00   ;       0,00;       0,00 ;       0,00;       0,00;       0,00   ;       0,00;       0,00     ;       0,00   ;       0,00    ;       0,00    ;       0,00 ;       0,00 ;       0,00;       0,00;       0,00;       0,00;       0,00 ;       0,00;       0,00   ;       0,00 ;       0,00  ;       0,00  
LO3;LOX;LOCATION DE MATERIEL POUR OXYGENE       ;  60,00          ;30/04/10         ;       0,00  ;       0,00;       0,00  ;       0,00;       0      ;       0    ;       0,00  ;       0,00  ;       0,00;       0,00  ;       0,00  ;       0,00;       0      ;       0      ;       0    ;       0,00   ;       0,00   ;       0,00;       0,00 ;       0,00;       0,00;       0,00   ;       0,00;       0,00     ;       0,00   ;       0,00    ;       0,00    ;       0,00   ;       0,00   ;       0,00;       0,00 ;       0,00;       0,00;       0,00   ;       0,00;       0,00     ;       0,00   ;       0,00    ;       0,00    ;       0,00 ;       0,00 ;       0,00;       0,00;       0,00;       0,00;       0,00 ;       0,00;       0,00   ;       0,00 ;       0,00  ;       0,00  
LPE;LPE;LOCATION POMPES A PERFUSION             ;  40,00          ;01/07/11         ;       0,00  ;       0,00;       0,00  ;       0,00;       0      ;       0    ;    1427,14  ;    1283,35  ;     278,80;     851,18  ;     739,80  ;     167,28;     179      ;     152      ;      34    ;       0,00   ;       0,00   ;       0,00;       0,00 ;       0,00;       0,00;    1427,14   ;       0,00;       0,00     ;       0,00   ;       0,00    ;       0,00    ;       0,00   ;       0,00   ;       0,00;       0,00 ;       0,00;       0,00;     291,15   ;       0,00;       0,00     ;     606,80   ;     385,40    ;       0,00    ;     278,80 ;       0,00 ;       0,00;       0,00;       0,00;       0,00;       0,00 ;       0,00;       0,00   ;       0,00 ;       0,00  ;       0,00  
VB1;VBA;VENTE ACCESSOIRES MOBILITE              ;   0,00          ;01/10/06         ;       0,00  ;       0,00;       0,00  ;       0,00;       0      ;       0    ;       0,00  ;       0,00  ;       0,00;       0,00  ;       0,00  ;       0,00;       0      ;       0      ;       0    ;       0,00   ;       0,00   ;       0,00;       0,00 ;       0,00;       0,00;       0,00   ;       0,00;       0,00     ;       0,00   ;       0,00    ;       0,00    ;       0,00   ;       0,00   ;       0,00;       0,00 ;       0,00;       0,00;       0,00   ;       0,00;       0,00     ;       0,00   ;       0,00    ;       0,00    ;       0,00 ;       0,00 ;       0,00;       0,00;       0,00;       0,00;       0,00 ;       0,00;       0,00   ;       0,00 ;       0,00  ;       0,00  
VB1;VBD;VENTE DEAMBULATEUR                      ;  40,00          ;01/10/06         ;       0,00  ;       0,00;       0,00  ;       0,00;       0      ;       0    ;     399,20  ;       0,00  ;      70,00;     250,00  ;       0,00  ;      49,00;       6      ;       0      ;       1    ;       0,00   ;     255,20   ;     144,00;       0,00 ;       0,00;       0,00;       0,00   ;       0,00;       0,00     ;       0,00   ;       0,00    ;       0,00    ;       0,00   ;       0,00   ;       0,00;       0,00 ;       0,00;       0,00;       0,00   ;       0,00;       0,00     ;       0,00   ;       0,00    ;       0,00    ;       0,00 ;      70,00 ;       0,00;       0,00;       0,00;       0,00;       0,00 ;       0,00;       0,00   ;       0,00 ;       0,00  ;       0,00  
VB1;VBM;VENTE AIDE A LA MARCHE                  ;  40,00          ;01/10/06         ;       0,00  ;       0,00;       0,00  ;       0,00;       0      ;       0    ;   10770,03  ;    2529,75  ;    4302,82;    4641,32  ;    1109,65  ;    2061,92;      63      ;      32      ;      38    ;     323,22   ;     952,84   ;    2855,68;      37,76 ;     624,42;     331,08;     564,42   ;     293,33;      19,58     ;       0,00   ;    4767,70    ;       0,00    ;     644,42   ;     777,32   ;     293,33;     118,88 ;       0,00;     496,38;      37,21   ;      18,88;      20,83     ;     103,33   ;      19,17    ;       0,00    ;     414,05 ;    2092,14 ;     681,64;     121,67;     993,32;       0,00;       0,00 ;       0,00;       0,00   ;       0,00 ;       0,00  ;       0,00  
VB1;VBP;PIECES DETACHEES - MOBILITE             ;  40,00          ;01/10/06         ;       0,00  ;       0,00;       0,00  ;       0,00;       0      ;       0    ;       6,75  ;      27,79  ;      27,72;       4,91  ;      68,52  ;      68,72;       1      ;       4      ;       3    ;       0,00   ;       0,00   ;       6,75;       0,00 ;       0,00;       0,00;       0,00   ;       0,00;       0,00     ;       0,00   ;       0,00    ;       0,00    ;       0,00   ;      20,00   ;       0,00;       0,00 ;       0,00;       0,00;       0,00   ;       0,00;       0,00     ;       0,00   ;       7,79    ;       0,00    ;      10,00 ;       8,09 ;       0,00;       9,63;       0,00;       0,00;       0,00 ;       0,00;       0,00   ;       0,00 ;       0,00  ;       0,00  
VB2;VBB;VENTE DIVERS MOBILITE 5.5%              ;  40,00          ;01/10/06         ;       0,00  ;       0,00;       0,00  ;       0,00;       0      ;       0    ;   28371,96  ;   19936,70  ;   24017,15;   12843,03  ;    8968,07  ;   11220,83;      33      ;      22      ;      20    ;    2725,83   ;    3313,37   ;    4164,29;     908,61 ;     908,61;     908,61;    5696,64   ;       0,00;    1075,58     ;    4910,98   ;    3759,44    ;       0,00    ;    5201,59   ;    6701,19   ;     572,18;       0,00 ;       0,00;    3961,08;    1980,54   ;       0,00;       0,00     ;     529,85   ;     990,27    ;       0,00    ;    1980,54 ;   17085,26 ;     990,27;     990,27;    1980,54;     990,27;       0,00 ;       0,00;       0,00   ;       0,00 ;       0,00  ;       0,00  
VB2;VBE;VENTE DEAMBULATEURS 5.5%                ;  40,00          ;01/10/06         ;       0,00  ;       0,00;       0,00  ;       0,00;       0      ;       0    ;       0,00  ;       0,00  ;       0,00;       0,00  ;       0,00  ;       0,00;       0      ;       0      ;       0    ;       0,00   ;       0,00   ;       0,00;       0,00 ;       0,00;       0,00;       0,00   ;       0,00;       0,00     ;       0,00   ;       0,00    ;       0,00    ;       0,00   ;       0,00   ;       0,00;       0,00 ;       0,00;       0,00;       0,00   ;       0,00;       0,00     ;       0,00   ;       0,00    ;       0,00    ;       0,00 ;       0,00 ;       0,00;       0,00;       0,00;       0,00;       0,00 ;       0,00;       0,00   ;       0,00 ;       0,00  ;       0,00  
VB2;VBN;VENTE AIDE A LA MARCHE 5.5%             ;  40,00          ;01/10/06         ;       0,00  ;       0,00;       0,00  ;       0,00;       0      ;       0    ;       0,00  ;       0,00  ;      10,00;       0,00  ;       0,00  ;       0,00;       0      ;       0      ;       1    ;       0,00   ;       0,00   ;       0,00;       0,00 ;       0,00;       0,00;       0,00   ;       0,00;       0,00     ;       0,00   ;       0,00    ;       0,00    ;       0,00   ;       0,00   ;       0,00;       0,00 ;       0,00;       0,00;       0,00   ;       0,00;       0,00     ;       0,00   ;       0,00    ;       0,00    ;       0,00 ;      10,00 ;       0,00;       0,00;       0,00;       0,00;       0,00 ;       0,00;       0,00   ;       0,00 ;       0,00  ;       0,00  
VC1;VAT;AIDE TECHNIQUE CONFORT                  ;  40,00          ;01/10/06         ;       0,00  ;       0,00;       0,00  ;       0,00;       0      ;       0    ;     139,65  ;     138,59  ;      37,08;      98,21  ;      97,00  ;      26,98;      13      ;       5      ;       2    ;      30,42   ;      46,73   ;      62,50;       0,00 ;       0,00;       0,00;       0,00   ;       0,00;       0,00     ;       0,00   ;       0,00    ;       0,00    ;      62,50   ;      59,38   ;       0,00;       9,21 ;       0,00;       0,00;       0,00   ;       0,00;       0,00     ;       7,50   ;       0,00    ;       0,00    ;       3,75 ;      33,33 ;       0,00;       0,00;       0,00;       0,00;       0,00 ;       0,00;       0,00   ;       0,00 ;       0,00  ;       0,00  
VC1;VCA;CHALEUR                                 ;  40,00          ;01/10/06         ;       0,00  ;       0,00;       0,00  ;       0,00;       0      ;       0    ;       0,00  ;       0,00  ;       0,00;       0,00  ;       0,00  ;       0,00;       0      ;       0      ;       0    ;       0,00   ;       0,00   ;       0,00;       0,00 ;       0,00;       0,00;       0,00   ;       0,00;       0,00     ;       0,00   ;       0,00    ;       0,00    ;       0,00   ;       0,00   ;       0,00;       0,00 ;       0,00;       0,00;       0,00   ;       0,00;       0,00     ;       0,00   ;       0,00    ;       0,00    ;       0,00 ;       0,00 ;       0,00;       0,00;       0,00;       0,00;       0,00 ;       0,00;       0,00   ;       0,00 ;       0,00  ;       0,00  
VC1;VCD;CONFORT DIVERS                          ;  40,00          ;01/10/06         ;       0,00  ;       0,00;       0,00  ;       0,00;       0      ;       0    ;    3140,01  ;     762,08  ;     406,25;    2572,22  ;     630,02  ;     305,00;      10      ;       2      ;       1    ;       0,00   ;     969,59   ;     812,50;       0,00 ;       0,00;       0,00;     641,67   ;     406,25;       0,00     ;       0,00   ;     310,00    ;       0,00    ;       0,00   ;       0,00   ;       0,00;       0,00 ;       0,00;       0,00;       0,00   ;       0,00;       0,00     ;     406,25   ;     355,83    ;       0,00    ;       0,00 ;     406,25 ;       0,00;       0,00;       0,00;       0,00;       0,00 ;       0,00;       0,00   ;       0,00 ;       0,00  ;       0,00  
VC1;VCH;CHAUSSURES                              ;  40,00          ;01/10/06         ;       0,00  ;       0,00;       0,00  ;       0,00;       0      ;       0    ;    1252,72  ;     333,34  ;     232,09;       0,00  ;      84,54  ;      89,27;       2      ;       2      ;       2    ;    1252,72   ;       0,00   ;       0,00;       0,00 ;       0,00;       0,00;       0,00   ;       0,00;       0,00     ;       0,00   ;       0,00    ;       0,00    ;       0,00   ;       0,00   ;     333,34;       0,00 ;       0,00;       0,00;       0,00   ;       0,00;       0,00     ;       0,00   ;       0,00    ;       0,00    ;       0,00 ;       0,00 ;     166,67;       0,00;      65,42;       0,00;       0,00 ;       0,00;       0,00   ;       0,00 ;       0,00  ;       0,00  
VC1;VCO;COUSSINS - OREILLERS                    ;  40,00          ;01/10/06         ;       0,00  ;       0,00;       0,00  ;       0,00;       0      ;       0    ;    2410,43  ;     703,38  ;     322,81;    1643,35  ;     526,76  ;     239,16;      23      ;       7      ;       3    ;       0,00   ;    1182,42   ;    1179,67;       0,00 ;       0,00;       0,00;      35,00   ;       0,00;       0,00     ;       0,00   ;      13,34    ;       0,00    ;      29,08   ;     308,34   ;     107,98;     107,98 ;       0,00;     150,00;       0,00   ;       0,00;       0,00     ;       0,00   ;       0,00    ;       0,00    ;      61,08 ;     153,75 ;       0,00;     107,98;       0,00;       0,00;       0,00 ;       0,00;       0,00   ;       0,00 ;       0,00  ;       0,00  
VC1;VFR;VENTES FAUTEUIL DE REPOS                ;  40,00          ;01/10/06         ;       0,00  ;       0,00;       0,00  ;       0,00;       0      ;       0    ;    4469,19  ;     510,41  ;    2583,68;    3144,38  ;     306,20  ;    1821,24;       7      ;       2      ;       4    ;       0,00   ;      93,77   ;     503,04;    3289,05 ;       0,00;       0,00;     583,33   ;       0,00;       0,00     ;       0,00   ;       0,00    ;       0,00    ;       0,00   ;       7,37   ;       0,00;     503,04 ;       0,00;       0,00;       0,00   ;       0,00;       0,00     ;       0,00   ;       0,00    ;       0,00    ;       0,00 ;    2083,68 ;       0,00;       0,00;       0,00;     500,00;       0,00 ;       0,00;       0,00   ;       0,00 ;       0,00  ;       0,00  
VC1;VGR;GRENOUILLERES                           ;  40,00          ;01/10/06         ;       0,00  ;       0,00;       0,00  ;       0,00;       0      ;       0    ;       0,00  ;       0,00  ;       0,00;       0,00  ;       0,00  ;       0,00;       0      ;       0      ;       0    ;       0,00   ;       0,00   ;       0,00;       0,00 ;       0,00;       0,00;       0,00   ;       0,00;       0,00     ;       0,00   ;       0,00    ;       0,00    ;       0,00   ;       0,00   ;       0,00;       0,00 ;       0,00;       0,00;       0,00   ;       0,00;       0,00     ;       0,00   ;       0,00    ;       0,00    ;       0,00 ;       0,00 ;       0,00;       0,00;       0,00;       0,00;       0,00 ;       0,00;       0,00   ;       0,00 ;       0,00  ;       0,00  
VC1;VTH;THERMOMETRE                             ;  40,00          ;01/10/06         ;       0,00  ;       0,00;       0,00  ;       0,00;       0      ;       0    ;       0,00  ;       0,00  ;       0,00;       0,00  ;       0,00  ;       0,00;       0      ;       0      ;       0    ;       0,00   ;       0,00   ;       0,00;       0,00 ;       0,00;       0,00;       0,00   ;       0,00;       0,00     ;       0,00   ;       0,00    ;       0,00    ;       0,00   ;       0,00   ;       0,00;       0,00 ;       0,00;       0,00;       0,00   ;       0,00;       0,00     ;       0,00   ;       0,00    ;       0,00    ;       0,00 ;       0,00 ;       0,00;       0,00;       0,00;       0,00;       0,00 ;       0,00;       0,00   ;       0,00 ;       0,00  ;       0,00  
VC1;VTP;TENSIOMETRE GRAND PUBLIC                ;  40,00          ;01/10/06         ;       0,00  ;       0,00;       0,00  ;       0,00;       0      ;       0    ;       0,00  ;       0,00  ;       0,00;       0,00  ;       0,00  ;       0,00;       0      ;       0      ;       0    ;       0,00   ;       0,00   ;       0,00;       0,00 ;       0,00;       0,00;       0,00   ;       0,00;       0,00     ;       0,00   ;       0,00    ;       0,00    ;       0,00   ;       0,00   ;       0,00;       0,00 ;       0,00;       0,00;       0,00   ;       0,00;       0,00     ;       0,00   ;       0,00    ;       0,00    ;       0,00 ;       0,00 ;       0,00;       0,00;       0,00;       0,00;       0,00 ;       0,00;       0,00   ;       0,00 ;       0,00  ;       0,00  
VCO;VBI;BISCUITS                                ;  40,00          ;01/10/06         ;       0,00  ;       0,00;       0,00  ;       0,00;       0      ;       0    ;     325,06  ;       0,00  ;       0,00;      58,50  ;       0,00  ;       0,00;      39      ;       0      ;       0    ;       0,00   ;       0,00   ;     260,00;       0,00 ;       0,00;       0,00;       0,00   ;       0,00;       0,00     ;       0,00   ;      65,06    ;       0,00    ;       0,00   ;       0,00   ;       0,00;       0,00 ;       0,00;       0,00;       0,00   ;       0,00;       0,00     ;       0,00   ;       0,00    ;       0,00    ;       0,00 ;       0,00 ;       0,00;       0,00;       0,00;       0,00;       0,00 ;       0,00;       0,00   ;       0,00 ;       0,00  ;       0,00  
VCO;VBO;BOISSONS                                ;  40,00          ;01/10/06         ;       0,00  ;       0,00;       0,00  ;       0,00;       0      ;       0    ;   42899,72  ;     967,02  ;       0,00;   22988,54  ;      61,49  ;       0,00;    7184      ;       9      ;       0    ;       0,00   ;      11,94   ;       0,00;       0,00 ;       0,00;       0,00;   42887,78   ;       0,00;       0,00     ;       0,00   ;       0,00    ;       0,00    ;       0,00   ;      11,75   ;       0,00;      23,70 ;       0,00;       0,00;       0,00   ;       0,00;     931,57     ;       0,00   ;       0,00    ;       0,00    ;       0,00 ;       0,00 ;       0,00;       0,00;       0,00;       0,00;       0,00 ;       0,00;       0,00   ;       0,00 ;       0,00  ;       0,00  
VCO;VDE;DESSERTS                                ;  40,00          ;01/10/06         ;       0,00  ;       0,00;       0,00  ;       0,00;       0      ;       0    ;       0,00  ;       0,00  ;       0,00;       0,00  ;       0,00  ;       0,00;       0      ;       0      ;       0    ;       0,00   ;       0,00   ;       0,00;       0,00 ;       0,00;       0,00;       0,00   ;       0,00;       0,00     ;       0,00   ;       0,00    ;       0,00    ;       0,00   ;       0,00   ;       0,00;       0,00 ;       0,00;       0,00;       0,00   ;       0,00;       0,00     ;       0,00   ;       0,00    ;       0,00    ;       0,00 ;       0,00 ;       0,00;       0,00;       0,00;       0,00;       0,00 ;       0,00;       0,00   ;       0,00 ;       0,00  ;       0,00  
VCO;VDI;COMPLEMENTS NUTRITIFS DIVERS            ;  40,00          ;01/10/06         ;       0,00  ;       0,00;       0,00  ;       0,00;       0      ;       0    ;    5446,07  ;       0,00  ;       0,00;    3351,60  ;       0,00  ;       0,00;    2394      ;       0      ;       0    ;       0,00   ;       0,00   ;       0,00;       0,00 ;       0,00;       0,00;    5446,07   ;       0,00;       0,00     ;       0,00   ;       0,00    ;       0,00    ;       0,00   ;       0,00   ;       0,00;       0,00 ;       0,00;       0,00;       0,00   ;       0,00;       0,00     ;       0,00   ;       0,00    ;       0,00    ;       0,00 ;       0,00 ;       0,00;       0,00;       0,00;       0,00;       0,00 ;       0,00;       0,00   ;       0,00 ;       0,00  ;       0,00  
VCO;VPL;PLATS                                   ;  40,00          ;01/10/06         ;       0,00  ;       0,00;       0,00  ;       0,00;       0      ;       0    ;       0,00  ;       0,00  ;       0,00;       0,00  ;       0,00  ;       0,00;       0      ;       0      ;       0    ;       0,00   ;       0,00   ;       0,00;       0,00 ;       0,00;       0,00;       0,00   ;       0,00;       0,00     ;       0,00   ;       0,00    ;       0,00    ;       0,00   ;       0,00   ;       0,00;       0,00 ;       0,00;       0,00;       0,00   ;       0,00;       0,00     ;       0,00   ;       0,00    ;       0,00    ;       0,00 ;       0,00 ;       0,00;       0,00;       0,00;       0,00;       0,00 ;       0,00;       0,00   ;       0,00 ;       0,00  ;       0,00  
VCO;VSO;SOUPES                                  ;  40,00          ;01/10/06         ;       0,00  ;       0,00;       0,00  ;       0,00;       0      ;       0    ;       0,00  ;       0,00  ;       0,00;       0,00  ;       0,00  ;       0,00;       0      ;       0      ;       0    ;       0,00   ;       0,00   ;       0,00;       0,00 ;       0,00;       0,00;       0,00   ;       0,00;       0,00     ;       0,00   ;       0,00    ;       0,00    ;       0,00   ;       0,00   ;       0,00;       0,00 ;       0,00;       0,00;       0,00   ;       0,00;       0,00     ;       0,00   ;       0,00    ;       0,00    ;       0,00 ;       0,00 ;       0,00;       0,00;       0,00;       0,00;       0,00 ;       0,00;       0,00   ;       0,00 ;       0,00  ;       0,00  
VD1;VDA;ACCESSOIRES                             ;  40,00          ;01/10/06         ;       0,00  ;       0,00;       0,00  ;       0,00;       0      ;       0    ;       0,00  ;       0,00  ;       0,00;       0,00  ;       0,00  ;       0,00;       0      ;       0      ;       0    ;       0,00   ;       0,00   ;       0,00;       0,00 ;       0,00;       0,00;       0,00   ;       0,00;       0,00     ;       0,00   ;       0,00    ;       0,00    ;       0,00   ;       0,00   ;       0,00;       0,00 ;       0,00;       0,00;       0,00   ;       0,00;       0,00     ;       0,00   ;       0,00    ;       0,00    ;       0,00 ;       0,00 ;       0,00;       0,00;       0,00;       0,00;       0,00 ;       0,00;       0,00   ;       0,00 ;       0,00  ;       0,00  
VD1;VDB;SOINS D ESCARRES                        ;  40,00          ;01/10/06         ;       0,00  ;       0,00;       0,00  ;       0,00;       0      ;       0    ;       0,00  ;       0,00  ;       0,00;       0,00  ;       0,00  ;       0,00;       0      ;       0      ;       0    ;       0,00   ;       0,00   ;       0,00;       0,00 ;       0,00;       0,00;       0,00   ;       0,00;       0,00     ;       0,00   ;       0,00    ;       0,00    ;       0,00   ;       0,00   ;       0,00;       0,00 ;       0,00;       0,00;       0,00   ;       0,00;       0,00     ;       0,00   ;       0,00    ;       0,00    ;       0,00 ;       0,00 ;       0,00;       0,00;       0,00;       0,00;       0,00 ;       0,00;       0,00   ;       0,00 ;       0,00  ;       0,00  
VD1;VDC;COUSSINS ANTI ESCARRES                  ;  40,00          ;01/10/06         ;       0,00  ;       0,00;       0,00  ;       0,00;       0      ;       0    ;       0,00  ;       0,00  ;       0,00;       0,00  ;       0,00  ;       0,00;       0      ;       0      ;       0    ;       0,00   ;       0,00   ;       0,00;       0,00 ;       0,00;       0,00;       0,00   ;       0,00;       0,00     ;       0,00   ;       0,00    ;       0,00    ;       0,00   ;       0,00   ;       0,00;       0,00 ;       0,00;       0,00;       0,00   ;       0,00;       0,00     ;       0,00   ;       0,00    ;       0,00    ;       0,00 ;       0,00 ;       0,00;       0,00;       0,00;       0,00;       0,00 ;       0,00;       0,00   ;       0,00 ;       0,00  ;       0,00  
VD1;VDD;DIVERS LITERIE ET PROTECTION            ;  40,00          ;01/10/06         ;       0,00  ;       0,00;       0,00  ;       0,00;       0      ;       0    ;     341,38  ;     904,17  ;     131,83;     203,14  ;      22,78  ;      63,53;       6      ;       2      ;       1    ;       0,00   ;     295,69   ;      41,80;       3,89 ;       0,00;       0,00;       0,00   ;       0,00;       0,00     ;       0,00   ;       0,00    ;       0,00    ;      41,67   ;       0,00   ;       0,00;       0,00 ;       0,00;     862,50;       0,00   ;       0,00;       0,00     ;       0,00   ;       0,00    ;       0,00    ;     131,83 ;       0,00 ;       0,00;       0,00;       0,00;       0,00;       0,00 ;       0,00;       0,00   ;       0,00 ;       0,00  ;       0,00  
VD1;VDG;FAUTEUIL GARDE ROBE                     ;  40,00          ;01/10/06         ;       0,00  ;       0,00;       0,00  ;       0,00;       0      ;       0    ;       0,00  ;       0,00  ;       0,00;       0,00  ;       0,00  ;       0,00;       0      ;       0      ;       0    ;       0,00   ;       0,00   ;       0,00;       0,00 ;       0,00;       0,00;       0,00   ;       0,00;       0,00     ;       0,00   ;       0,00    ;       0,00    ;       0,00   ;       0,00   ;       0,00;       0,00 ;       0,00;       0,00;       0,00   ;       0,00;       0,00     ;       0,00   ;       0,00    ;       0,00    ;       0,00 ;       0,00 ;       0,00;       0,00;       0,00;       0,00;       0,00 ;       0,00;       0,00   ;       0,00 ;       0,00  ;       0,00  
VD1;VDM;MAINTIEN CONTENTION                     ;  40,00          ;01/10/06         ;       0,00  ;       0,00;       0,00  ;       0,00;       0      ;       0    ;      25,90  ;       0,00  ;       0,00;      15,30  ;       0,00  ;       0,00;       2      ;       0      ;       0    ;       0,00   ;       0,00   ;       0,00;       0,00 ;       0,00;      25,90;       0,00   ;       0,00;       0,00     ;       0,00   ;       0,00    ;       0,00    ;       0,00   ;       0,00   ;       0,00;       0,00 ;       0,00;       0,00;       0,00   ;       0,00;       0,00     ;       0,00   ;       0,00    ;       0,00    ;       0,00 ;       0,00 ;       0,00;       0,00;       0,00;       0,00;       0,00 ;       0,00;       0,00   ;       0,00 ;       0,00  ;       0,00  
VD1;VDR;FAUTEUIL ROULANT                        ;  40,00          ;01/10/06         ;       0,00  ;       0,00;       0,00  ;       0,00;       0      ;       0    ;       0,00  ;       0,00  ;       0,00;       0,00  ;       0,00  ;       0,00;       0      ;       0      ;       0    ;       0,00   ;       0,00   ;       0,00;       0,00 ;       0,00;       0,00;       0,00   ;       0,00;       0,00     ;       0,00   ;       0,00    ;       0,00    ;       0,00   ;       0,00   ;       0,00;       0,00 ;       0,00;       0,00;       0,00   ;       0,00;       0,00     ;       0,00   ;       0,00    ;       0,00    ;       0,00 ;       0,00 ;       0,00;       0,00;       0,00;       0,00;       0,00 ;       0,00;       0,00   ;       0,00 ;       0,00  ;       0,00  
VD1;VDS;SANGLES DE SOULEVES MALADES             ;  40,00          ;01/10/06         ;       0,00  ;       0,00;       0,00  ;       0,00;       0      ;       0    ;       0,00  ;       0,00  ;       0,00;       0,00  ;       0,00  ;       0,00;       0      ;       0      ;       0    ;       0,00   ;       0,00   ;       0,00;       0,00 ;       0,00;       0,00;       0,00   ;       0,00;       0,00     ;       0,00   ;       0,00    ;       0,00    ;       0,00   ;       0,00   ;       0,00;       0,00 ;       0,00;       0,00;       0,00   ;       0,00;       0,00     ;       0,00   ;       0,00    ;       0,00    ;       0,00 ;       0,00 ;       0,00;       0,00;       0,00;       0,00;       0,00 ;       0,00;       0,00   ;       0,00 ;       0,00  ;       0,00  
VD1;VDT;TABLES DE LIT                           ;  40,00          ;01/10/06         ;       0,00  ;       0,00;       0,00  ;       0,00;       0      ;       0    ;       0,00  ;       0,00  ;       0,00;       0,00  ;       0,00  ;       0,00;       0      ;       0      ;       0    ;       0,00   ;       0,00   ;       0,00;       0,00 ;       0,00;       0,00;       0,00   ;       0,00;       0,00     ;       0,00   ;       0,00    ;       0,00    ;       0,00   ;       0,00   ;       0,00;       0,00 ;       0,00;       0,00;       0,00   ;       0,00;       0,00     ;       0,00   ;       0,00    ;       0,00    ;       0,00 ;       0,00 ;       0,00;       0,00;       0,00;       0,00;       0,00 ;       0,00;       0,00   ;       0,00 ;       0,00  ;       0,00  
VE1;VA1;VENTES DIVERS                           ;  40,00          ;01/10/06         ;       0,00  ;       0,00;       0,00  ;       0,00;       0      ;       0    ;    1602,33  ;     595,68  ;      22,95;     830,36  ;     459,00  ;      18,00;      57      ;      12      ;       9    ;       0,00   ;     167,76   ;     251,18;     252,26 ;       0,00;     531,16;       4,25   ;       0,00;       0,00     ;       0,00   ;     395,72    ;       0,00    ;       0,00   ;     408,03   ;      20,53;      28,64 ;       0,00;      55,15;       0,00   ;       0,00;      83,33     ;       0,00   ;       0,00    ;       0,00    ;      22,95 ;       0,00 ;       0,00;       0,00;       0,00;       0,00;       0,00 ;       0,00;       0,00   ;       0,00 ;       0,00  ;       0,00  
VE1;VBL;VENTE PESE PERSONNE                     ;   0,00          ;30/01/12         ;       0,00  ;       0,00;       0,00  ;       0,00;       0      ;       0    ;       0,00  ;       0,00  ;       0,00;       0,00  ;       0,00  ;       0,00;       0      ;       0      ;       0    ;       0,00   ;       0,00   ;       0,00;       0,00 ;       0,00;       0,00;       0,00   ;       0,00;       0,00     ;       0,00   ;       0,00    ;       0,00    ;       0,00   ;       0,00   ;       0,00;       0,00 ;       0,00;       0,00;       0,00   ;       0,00;       0,00     ;       0,00   ;       0,00    ;       0,00    ;       0,00 ;       0,00 ;       0,00;       0,00;       0,00;       0,00;       0,00 ;       0,00;       0,00   ;       0,00 ;       0,00  ;       0,00  
VE2;VA2;VENTES DIVERS                           ;  40,00          ;01/10/06         ;       0,00  ;       0,00;       0,00  ;       0,00;       0      ;       0    ;    1010,47  ;      53,95  ;     313,66;     668,38  ;      49,00  ;     231,93;      46      ;       4      ;      13    ;      41,17   ;     243,79   ;     199,68;       0,00 ;       0,00;     169,84;      50,24   ;     132,99;      46,69     ;      50,24   ;      75,83    ;       0,00    ;       0,00   ;      22,22   ;      31,73;       0,00 ;       0,00;       0,00;       0,00   ;       0,00;       0,00     ;       0,00   ;       0,00    ;       0,00    ;     128,41 ;     161,91 ;      21,23;       0,00;       2,11;       0,00;       0,00 ;       0,00;       0,00   ;       0,00 ;       0,00  ;       0,00  
VE2;VNU;NUTRITION                               ;   0,00          ;29/07/11         ;       0,00  ;       0,00;       0,00  ;       0,00;       0      ;       0    ;       0,00  ;       0,00  ;       0,00;       0,00  ;       0,00  ;       0,00;       0      ;       0      ;       0    ;       0,00   ;       0,00   ;       0,00;       0,00 ;       0,00;       0,00;       0,00   ;       0,00;       0,00     ;       0,00   ;       0,00    ;       0,00    ;       0,00   ;       0,00   ;       0,00;       0,00 ;       0,00;       0,00;       0,00   ;       0,00;       0,00     ;       0,00   ;       0,00    ;       0,00    ;       0,00 ;       0,00 ;       0,00;       0,00;       0,00;       0,00;       0,00 ;       0,00;       0,00   ;       0,00 ;       0,00  ;       0,00  
VHY;VHA;AIDE TECHNIQUE HYGIENE                  ;  40,00          ;01/10/06         ;       0,00  ;       0,00;       0,00  ;       0,00;       0      ;       0    ;       0,00  ;       0,00  ;       0,00;       0,00  ;       0,00  ;       0,00;       0      ;       0      ;       0    ;       0,00   ;       0,00   ;       0,00;       0,00 ;       0,00;       0,00;       0,00   ;       0,00;       0,00     ;       0,00   ;       0,00    ;       0,00    ;       0,00   ;       0,00   ;       0,00;       0,00 ;       0,00;       0,00;       0,00   ;       0,00;       0,00     ;       0,00   ;       0,00    ;       0,00    ;       0,00 ;       0,00 ;       0,00;       0,00;       0,00;       0,00;       0,00 ;       0,00;       0,00   ;       0,00 ;       0,00  ;       0,00  
VHY;VHP;HYGIENE & PROTECTION                    ;  40,00          ;01/10/06         ;       0,00  ;       0,00;       0,00  ;       0,00;       0      ;       0    ;      88,41  ;      93,91  ;     517,42;      56,55  ;      41,45  ;     267,86;      24      ;       6      ;       9    ;      12,08   ;      12,50   ;      43,95;       0,00 ;       0,00;       0,00;       5,46   ;      14,42;       0,00     ;       0,00   ;       0,00    ;       0,00    ;      85,52   ;       6,05   ;       0,00;       0,00 ;       0,00;       0,00;       0,00   ;       0,00;       0,00     ;       0,00   ;       2,34    ;       0,00    ;     377,50 ;     115,75 ;       0,00;       0,00;      24,17;       0,00;       0,00 ;       0,00;       0,00   ;       0,00 ;       0,00  ;       0,00  
VHY;VHT;TOILETTES                               ;  40,00          ;01/10/06         ;       0,00  ;       0,00;       0,00  ;       0,00;       0      ;       0    ;       0,00  ;       0,00  ;       0,00;       0,00  ;       0,00  ;       0,00;       0      ;       0      ;       0    ;       0,00   ;       0,00   ;       0,00;       0,00 ;       0,00;       0,00;       0,00   ;       0,00;       0,00     ;       0,00   ;       0,00    ;       0,00    ;       0,00   ;       0,00   ;       0,00;       0,00 ;       0,00;       0,00;       0,00   ;       0,00;       0,00     ;       0,00   ;       0,00    ;       0,00    ;       0,00 ;       0,00 ;       0,00;       0,00;       0,00;       0,00;       0,00 ;       0,00;       0,00   ;       0,00 ;       0,00  ;       0,00  
VI1;VIA;ALESES                                  ;  40,00          ;01/10/06         ;       0,00  ;       0,00;       0,00  ;       0,00;       0      ;       0    ;       0,00  ;       0,00  ;       0,00;       0,00  ;       0,00  ;       0,00;       0      ;       0      ;       0    ;       0,00   ;       0,00   ;       0,00;       0,00 ;       0,00;       0,00;       0,00   ;       0,00;       0,00     ;       0,00   ;       0,00    ;       0,00    ;       0,00   ;       0,00   ;       0,00;       0,00 ;       0,00;       0,00;       0,00   ;       0,00;       0,00     ;       0,00   ;       0,00    ;       0,00    ;       0,00 ;       0,00 ;       0,00;       0,00;       0,00;       0,00;       0,00 ;       0,00;       0,00   ;       0,00 ;       0,00  ;       0,00  
VI1;VIB;COUCHE ANATOMIQUE                       ;  40,00          ;01/10/06         ;       0,00  ;       0,00;       0,00  ;       0,00;       0      ;       0    ;       0,00  ;       0,00  ;       0,00;       0,00  ;       0,00  ;       0,00;       0      ;       0      ;       0    ;       0,00   ;       0,00   ;       0,00;       0,00 ;       0,00;       0,00;       0,00   ;       0,00;       0,00     ;       0,00   ;       0,00    ;       0,00    ;       0,00   ;       0,00   ;       0,00;       0,00 ;       0,00;       0,00;       0,00   ;       0,00;       0,00     ;       0,00   ;       0,00    ;       0,00    ;       0,00 ;       0,00 ;       0,00;       0,00;       0,00;       0,00;       0,00 ;       0,00;       0,00   ;       0,00 ;       0,00  ;       0,00  
VI1;VIC;CHANGE COMPLET                          ;  40,00          ;01/10/06         ;       0,00  ;       0,00;       0,00  ;       0,00;       0      ;       0    ;     389,94  ;      42,16  ;      51,17;     223,03  ;      25,20  ;      34,08;      29      ;       4      ;       4    ;       0,00   ;     119,10   ;      11,17;       0,00 ;      91,67;      46,67;      93,33   ;       0,00;       0,00     ;      18,67   ;       9,33    ;       0,00    ;      11,17   ;       0,00   ;       0,00;       0,00 ;       0,00;       0,00;      21,66   ;       0,00;       9,33     ;       0,00   ;       0,00    ;       0,00    ;       0,00 ;      51,17 ;       0,00;       0,00;       0,00;       0,00;       0,00 ;       0,00;       0,00   ;       0,00 ;       0,00  ;       0,00  
VI1;VID;COUCHE DROITE                           ;  40,00          ;01/10/06         ;       0,00  ;       0,00;       0,00  ;       0,00;       0      ;       0    ;       0,00  ;       0,00  ;       0,00;       0,00  ;       0,00  ;       0,00;       0      ;       0      ;       0    ;       0,00   ;       0,00   ;       0,00;       0,00 ;       0,00;       0,00;       0,00   ;       0,00;       0,00     ;       0,00   ;       0,00    ;       0,00    ;       0,00   ;       0,00   ;       0,00;       0,00 ;       0,00;       0,00;       0,00   ;       0,00;       0,00     ;       0,00   ;       0,00    ;       0,00    ;       0,00 ;       0,00 ;       0,00;       0,00;       0,00;       0,00;       0,00 ;       0,00;       0,00   ;       0,00 ;       0,00  ;       0,00  
VI1;VIF;SLIP FILET                              ;  40,00          ;01/10/06         ;       0,00  ;       0,00;       0,00  ;       0,00;       0      ;       0    ;       0,00  ;       0,00  ;       0,00;       0,00  ;       0,00  ;       0,00;       0      ;       0      ;       0    ;       0,00   ;       0,00   ;       0,00;       0,00 ;       0,00;       0,00;       0,00   ;       0,00;       0,00     ;       0,00   ;       0,00    ;       0,00    ;       0,00   ;       0,00   ;       0,00;       0,00 ;       0,00;       0,00;       0,00   ;       0,00;       0,00     ;       0,00   ;       0,00    ;       0,00    ;       0,00 ;       0,00 ;       0,00;       0,00;       0,00;       0,00;       0,00 ;       0,00;       0,00   ;       0,00 ;       0,00  ;       0,00  
VI1;VII;SLIP INTEGRAL                           ;  40,00          ;01/10/06         ;       0,00  ;       0,00;       0,00  ;       0,00;       0      ;       0    ;       0,00  ;       0,00  ;       0,00;       0,00  ;       0,00  ;       0,00;       0      ;       0      ;       0    ;       0,00   ;       0,00   ;       0,00;       0,00 ;       0,00;       0,00;       0,00   ;       0,00;       0,00     ;       0,00   ;       0,00    ;       0,00    ;       0,00   ;       0,00   ;       0,00;       0,00 ;       0,00;       0,00;       0,00   ;       0,00;       0,00     ;       0,00   ;       0,00    ;       0,00    ;       0,00 ;       0,00 ;       0,00;       0,00;       0,00;       0,00;       0,00 ;       0,00;       0,00   ;       0,00 ;       0,00  ;       0,00  
VI1;VIJ;ALESES JETABLES                         ;  40,00          ;01/10/06         ;       0,00  ;       0,00;       0,00  ;       0,00;       0      ;       0    ;       0,00  ;       0,00  ;       0,00;       0,00  ;       0,00  ;       0,00;       0      ;       0      ;       0    ;       0,00   ;       0,00   ;       0,00;       0,00 ;       0,00;       0,00;       0,00   ;       0,00;       0,00     ;       0,00   ;       0,00    ;       0,00    ;       0,00   ;       0,00   ;       0,00;       0,00 ;       0,00;       0,00;       0,00   ;       0,00;       0,00     ;       0,00   ;       0,00    ;       0,00    ;       0,00 ;       0,00 ;       0,00;       0,00;       0,00;       0,00;       0,00 ;       0,00;       0,00   ;       0,00 ;       0,00  ;       0,00  
VI1;VIL;INCONTINENCE LEGERE                     ;  40,00          ;01/10/06         ;       0,00  ;       0,00;       0,00  ;       0,00;       0      ;       0    ;       0,00  ;       0,00  ;       0,00;       0,00  ;       0,00  ;       0,00;       0      ;       0      ;       0    ;       0,00   ;       0,00   ;       0,00;       0,00 ;       0,00;       0,00;       0,00   ;       0,00;       0,00     ;       0,00   ;       0,00    ;       0,00    ;       0,00   ;       0,00   ;       0,00;       0,00 ;       0,00;       0,00;       0,00   ;       0,00;       0,00     ;       0,00   ;       0,00    ;       0,00    ;       0,00 ;       0,00 ;       0,00;       0,00;       0,00;       0,00;       0,00 ;       0,00;       0,00   ;       0,00 ;       0,00  ;       0,00  
VI1;VIP;PROTECTION MASCULINE                    ;  40,00          ;01/10/06         ;       0,00  ;       0,00;       0,00  ;       0,00;       0      ;       0    ;       0,00  ;       0,00  ;       0,00;       0,00  ;       0,00  ;       0,00;       0      ;       0      ;       0    ;       0,00   ;       0,00   ;       0,00;       0,00 ;       0,00;       0,00;       0,00   ;       0,00;       0,00     ;       0,00   ;       0,00    ;       0,00    ;       0,00   ;       0,00   ;       0,00;       0,00 ;       0,00;       0,00;       0,00   ;       0,00;       0,00     ;       0,00   ;       0,00    ;       0,00    ;       0,00 ;       0,00 ;       0,00;       0,00;       0,00;       0,00;       0,00 ;       0,00;       0,00   ;       0,00 ;       0,00  ;       0,00  
VI1;VIR;INCONTINENCE REMBOURSEE                 ;  10,00          ;01/10/06         ;       0,00  ;       0,00;       0,00  ;       0,00;       0      ;       0    ;       0,00  ;       0,00  ;       0,00;       0,00  ;       0,00  ;       0,00;       0      ;       0      ;       0    ;       0,00   ;       0,00   ;       0,00;       0,00 ;       0,00;       0,00;       0,00   ;       0,00;       0,00     ;       0,00   ;       0,00    ;       0,00    ;       0,00   ;       0,00   ;       0,00;       0,00 ;       0,00;       0,00;       0,00   ;       0,00;       0,00     ;       0,00   ;       0,00    ;       0,00    ;       0,00 ;       0,00 ;       0,00;       0,00;       0,00;       0,00;       0,00 ;       0,00;       0,00   ;       0,00 ;       0,00  ;       0,00  
VI1;VIS;SONDES                                  ;  40,00          ;01/10/06         ;       0,00  ;       0,00;       0,00  ;       0,00;       0      ;       0    ;       0,00  ;       0,00  ;       0,00;       0,00  ;       0,00  ;       0,00;       0      ;       0      ;       0    ;       0,00   ;       0,00   ;       0,00;       0,00 ;       0,00;       0,00;       0,00   ;       0,00;       0,00     ;       0,00   ;       0,00    ;       0,00    ;       0,00   ;       0,00   ;       0,00;       0,00 ;       0,00;       0,00;       0,00   ;       0,00;       0,00     ;       0,00   ;       0,00    ;       0,00    ;       0,00 ;       0,00 ;       0,00;       0,00;       0,00;       0,00;       0,00 ;       0,00;       0,00   ;       0,00 ;       0,00  ;       0,00  
VLI;VLI;FORFAITS LIVRAISON-RECUPERATION         ;  80,00          ;01/10/06         ;       0,00  ;       0,00;       0,00  ;       0,00;       0      ;       0    ;      14,73  ;      10,84  ;       0,00;       0,00  ;       0,00  ;       0,00;       1      ;       1      ;       0    ;       0,00   ;      14,73   ;       0,00;       0,00 ;       0,00;       0,00;       0,00   ;       0,00;       0,00     ;       0,00   ;       0,00    ;       0,00    ;       0,00   ;       0,00   ;       0,00;      10,84 ;       0,00;       0,00;       0,00   ;       0,00;       0,00     ;       0,00   ;       0,00    ;       0,00    ;       0,00 ;       0,00 ;       0,00;       0,00;       0,00;       0,00;       0,00 ;       0,00;       0,00   ;       0,00 ;       0,00  ;       0,00  
VMP;VMC;COMPRESSES BANDES - MAT PRO             ;  40,00          ;01/10/06         ;       0,00  ;       0,00;       0,00  ;       0,00;       0      ;       0    ;       0,00  ;       0,00  ;       9,50;       0,00  ;       0,00  ;       3,30;       0      ;       0      ;       4    ;       0,00   ;       0,00   ;       0,00;       0,00 ;       0,00;       0,00;       0,00   ;       0,00;       0,00     ;       0,00   ;       0,00    ;       0,00    ;       0,00   ;       0,00   ;       0,00;       0,00 ;       0,00;       0,00;       0,00   ;       0,00;       0,00     ;       0,00   ;       0,00    ;       0,00    ;       9,50 ;       0,00 ;       0,00;       0,00;       0,00;       0,00;       0,00 ;       0,00;       0,00   ;       0,00 ;       0,00  ;       0,00  
VMP;VMD;MATERIEL DE DIAGNOSTIC                  ;  40,00          ;01/10/06         ;       0,00  ;       0,00;       0,00  ;       0,00;       0      ;       0    ;    4980,49  ;     295,89  ;      22,63;    3648,30  ;     221,52  ;      15,97;     105      ;       7      ;       1    ;     104,52   ;    4818,25   ;       9,96;       0,00 ;       0,00;       0,00;       2,63   ;       0,00;       0,00     ;       0,00   ;      45,13    ;       0,00    ;      11,83   ;     277,76   ;       0,00;       3,67 ;       0,00;       0,00;       0,00   ;       0,00;       0,00     ;       2,63   ;       0,00    ;       0,00    ;      22,63 ;       0,00 ;       0,00;       0,00;       0,00;       0,00;       0,00 ;       0,00;       0,00   ;       0,00 ;       0,00  ;       0,00  
VMP;VME;EQUIPEMENT & MOBILIER - MAT PRO         ;  40,00          ;01/10/06         ;       0,00  ;       0,00;       0,00  ;       0,00;       0      ;       0    ;       0,00  ;       0,00  ;       0,00;       0,00  ;       0,00  ;       0,00;       0      ;       0      ;       0    ;       0,00   ;       0,00   ;       0,00;       0,00 ;       0,00;       0,00;       0,00   ;       0,00;       0,00     ;       0,00   ;       0,00    ;       0,00    ;       0,00   ;       0,00   ;       0,00;       0,00 ;       0,00;       0,00;       0,00   ;       0,00;       0,00     ;       0,00   ;       0,00    ;       0,00    ;       0,00 ;       0,00 ;       0,00;       0,00;       0,00;       0,00;       0,00 ;       0,00;       0,00   ;       0,00 ;       0,00  ;       0,00  
VMP;VMF;PREMIERS SECOURS - MAT PRO              ;  40,00          ;01/10/06         ;       0,00  ;       0,00;       0,00  ;       0,00;       0      ;       0    ;       0,00  ;       0,00  ;       3,21;       0,00  ;       0,00  ;       2,20;       0      ;       0      ;       1    ;       0,00   ;       0,00   ;       0,00;       0,00 ;       0,00;       0,00;       0,00   ;       0,00;       0,00     ;       0,00   ;       0,00    ;       0,00    ;       0,00   ;       0,00   ;       0,00;       0,00 ;       0,00;       0,00;       0,00   ;       0,00;       0,00     ;       0,00   ;       0,00    ;       0,00    ;       3,21 ;       0,00 ;       0,00;       0,00;       0,00;       0,00;       0,00 ;       0,00;       0,00   ;       0,00 ;       0,00  ;       0,00  
VMP;VMG;GANTS - MAT PRO                         ;  40,00          ;01/10/06         ;       0,00  ;       0,00;       0,00  ;       0,00;       0      ;       0    ;       0,00  ;       0,00  ;       0,00;       0,00  ;       0,00  ;       0,00;       0      ;       0      ;       0    ;       0,00   ;       0,00   ;       0,00;       0,00 ;       0,00;       0,00;       0,00   ;       0,00;       0,00     ;       0,00   ;       0,00    ;       0,00    ;       0,00   ;       0,00   ;       0,00;       0,00 ;       0,00;       0,00;       0,00   ;       0,00;       0,00     ;       0,00   ;       0,00    ;       0,00    ;       0,00 ;       0,00 ;       0,00;       0,00;       0,00;       0,00;       0,00 ;       0,00;       0,00   ;       0,00 ;       0,00  ;       0,00  
VMP;VMH;STETOSCOPES - MAT PRO                   ;  40,00          ;01/10/06         ;       0,00  ;       0,00;       0,00  ;       0,00;       0      ;       0    ;      17,86  ;       0,00  ;       0,00;      12,35  ;       0,00  ;       0,00;       5      ;       0      ;       0    ;       0,00   ;      17,86   ;       0,00;       0,00 ;       0,00;       0,00;       0,00   ;       0,00;       0,00     ;       0,00   ;       0,00    ;       0,00    ;       0,00   ;       0,00   ;       0,00;       0,00 ;       0,00;       0,00;       0,00   ;       0,00;       0,00     ;       0,00   ;       0,00    ;       0,00    ;       0,00 ;       0,00 ;       0,00;       0,00;       0,00;       0,00;       0,00 ;       0,00;       0,00   ;       0,00 ;       0,00  ;       0,00  
VMP;VMI;INSTRUMENTRATION - MAT PRO              ;  40,00          ;01/10/06         ;       0,00  ;       0,00;       0,00  ;       0,00;       0      ;       0    ;       0,00  ;       0,00  ;       0,00;       0,00  ;       0,00  ;       0,00;       0      ;       0      ;       0    ;       0,00   ;       0,00   ;       0,00;       0,00 ;       0,00;       0,00;       0,00   ;       0,00;       0,00     ;       0,00   ;       0,00    ;       0,00    ;       0,00   ;       0,00   ;       0,00;       0,00 ;       0,00;       0,00;       0,00   ;       0,00;       0,00     ;       0,00   ;       0,00    ;       0,00    ;       0,00 ;       0,00 ;       0,00;       0,00;       0,00;       0,00;       0,00 ;       0,00;       0,00   ;       0,00 ;       0,00  ;       0,00  
VMP;VMJ;DESINFECTION - MAT PRO                  ;  40,00          ;01/10/06         ;       0,00  ;       0,00;       0,00  ;       0,00;       0      ;       0    ;       0,00  ;       0,00  ;       0,00;       0,00  ;       0,00  ;       0,00;       0      ;       0      ;       0    ;       0,00   ;       0,00   ;       0,00;       0,00 ;       0,00;       0,00;       0,00   ;       0,00;       0,00     ;       0,00   ;       0,00    ;       0,00    ;       0,00   ;       0,00   ;       0,00;       0,00 ;       0,00;       0,00;       0,00   ;       0,00;       0,00     ;       0,00   ;       0,00    ;       0,00    ;       0,00 ;       0,00 ;       0,00;       0,00;       0,00;       0,00;       0,00 ;       0,00;       0,00   ;       0,00 ;       0,00  ;       0,00  
VMP;VMK;PESAGE - MAT PRO                        ;  40,00          ;01/10/06         ;       0,00  ;       0,00;       0,00  ;       0,00;       0      ;       0    ;       0,00  ;       0,00  ;       0,00;       0,00  ;       0,00  ;       0,00;       0      ;       0      ;       0    ;       0,00   ;       0,00   ;       0,00;       0,00 ;       0,00;       0,00;       0,00   ;       0,00;       0,00     ;       0,00   ;       0,00    ;       0,00    ;       0,00   ;       0,00   ;       0,00;       0,00 ;       0,00;       0,00;       0,00   ;       0,00;       0,00     ;       0,00   ;       0,00    ;       0,00    ;       0,00 ;       0,00 ;       0,00;       0,00;       0,00;       0,00;       0,00 ;       0,00;       0,00   ;       0,00 ;       0,00  ;       0,00  
VMP;VML;SUTURES & LIGATURES - MAT PRO           ;  40,00          ;01/10/06         ;       0,00  ;       0,00;       0,00  ;       0,00;       0      ;       0    ;      64,98  ;       0,00  ;       0,00;      51,90  ;       0,00  ;       0,00;       6      ;       0      ;       0    ;       0,00   ;      64,98   ;       0,00;       0,00 ;       0,00;       0,00;       0,00   ;       0,00;       0,00     ;       0,00   ;       0,00    ;       0,00    ;       0,00   ;       0,00   ;       0,00;       0,00 ;       0,00;       0,00;       0,00   ;       0,00;       0,00     ;       0,00   ;       0,00    ;       0,00    ;       0,00 ;       0,00 ;       0,00;       0,00;       0,00;       0,00;       0,00 ;       0,00;       0,00   ;       0,00 ;       0,00  ;       0,00  
VMP;VMM;MALETTES - MAT PRO                      ;  40,00          ;01/10/06         ;       0,00  ;       0,00;       0,00  ;       0,00;       0      ;       0    ;       0,00  ;       0,00  ;       0,00;       0,00  ;       0,00  ;       0,00;       0      ;       0      ;       0    ;       0,00   ;       0,00   ;       0,00;       0,00 ;       0,00;       0,00;       0,00   ;       0,00;       0,00     ;       0,00   ;       0,00    ;       0,00    ;       0,00   ;       0,00   ;       0,00;       0,00 ;       0,00;       0,00;       0,00   ;       0,00;       0,00     ;       0,00   ;       0,00    ;       0,00    ;       0,00 ;       0,00 ;       0,00;       0,00;       0,00;       0,00;       0,00 ;       0,00;       0,00   ;       0,00 ;       0,00  ;       0,00  
VMP;VMO;ORL - MAT PRO                           ;  40,00          ;01/10/06         ;       0,00  ;       0,00;       0,00  ;       0,00;       0      ;       0    ;       0,00  ;       0,00  ;       0,00;       0,00  ;       0,00  ;       0,00;       0      ;       0      ;       0    ;       0,00   ;       0,00   ;       0,00;       0,00 ;       0,00;       0,00;       0,00   ;       0,00;       0,00     ;       0,00   ;       0,00    ;       0,00    ;       0,00   ;       0,00   ;       0,00;       0,00 ;       0,00;       0,00;       0,00   ;       0,00;       0,00     ;       0,00   ;       0,00    ;       0,00    ;       0,00 ;       0,00 ;       0,00;       0,00;       0,00;       0,00;       0,00 ;       0,00;       0,00   ;       0,00 ;       0,00  ;       0,00  
VMP;VMP;ACCESSOIRES DE PERFUSION                ;  40,00          ;01/10/06         ;       0,00  ;       0,00;       0,00  ;       0,00;       0      ;       0    ;     160,32  ;       5,42  ;       0,00;     156,85  ;       3,10  ;       0,00;      70      ;      10      ;       0    ;       0,00   ;       5,98   ;      11,27;       0,00 ;       0,00;       0,00;       0,00   ;       0,00;       0,00     ;       0,00   ;     143,07    ;       0,00    ;       0,00   ;       0,00   ;       0,00;       0,00 ;       0,00;       0,00;       0,00   ;       5,42;       0,00     ;       0,00   ;       0,00    ;       0,00    ;       0,00 ;       0,00 ;       0,00;       0,00;       0,00;       0,00;       0,00 ;       0,00;       0,00   ;       0,00 ;       0,00  ;       0,00  
VMP;VMR;RECUPERATEURS DE DECHETS - MAT PRO      ;  40,00          ;01/10/06         ;       0,00  ;       0,00;       0,00  ;       0,00;       0      ;       0    ;       0,00  ;       0,00  ;       0,00;       0,00  ;       0,00  ;       0,00;       0      ;       0      ;       0    ;       0,00   ;       0,00   ;       0,00;       0,00 ;       0,00;       0,00;       0,00   ;       0,00;       0,00     ;       0,00   ;       0,00    ;       0,00    ;       0,00   ;       0,00   ;       0,00;       0,00 ;       0,00;       0,00;       0,00   ;       0,00;       0,00     ;       0,00   ;       0,00    ;       0,00    ;       0,00 ;       0,00 ;       0,00;       0,00;       0,00;       0,00;       0,00 ;       0,00;       0,00   ;       0,00 ;       0,00  ;       0,00  
VMP;VMS;PANSEMENT & SETS & PROTECTION - MAT PRO ;  40,00          ;01/10/06         ;       0,00  ;       0,00;       0,00  ;       0,00;       0      ;       0    ;       0,00  ;     255,98  ;       0,00;       0,00  ;     151,00  ;       0,00;       0      ;       5      ;       0    ;       0,00   ;       0,00   ;       0,00;       0,00 ;       0,00;       0,00;       0,00   ;       0,00;       0,00     ;       0,00   ;       0,00    ;       0,00    ;       0,00   ;       0,00   ;       0,00;       0,00 ;       0,00;     183,98;       0,00   ;       0,00;       0,00     ;       0,00   ;      72,00    ;       0,00    ;       0,00 ;       0,00 ;       0,00;       0,00;       0,00;       0,00;       0,00 ;       0,00;       0,00   ;       0,00 ;       0,00  ;       0,00  
VMP;VMT;TENSIOMETRIE - MAT PRO                  ;  40,00          ;01/10/06         ;       0,00  ;       0,00;       0,00  ;       0,00;       0      ;       0    ;       0,00  ;       0,00  ;       0,00;       0,00  ;       0,00  ;       0,00;       0      ;       0      ;       0    ;       0,00   ;       0,00   ;       0,00;       0,00 ;       0,00;       0,00;       0,00   ;       0,00;       0,00     ;       0,00   ;       0,00    ;       0,00    ;       0,00   ;       0,00   ;       0,00;       0,00 ;       0,00;       0,00;       0,00   ;       0,00;       0,00     ;       0,00   ;       0,00    ;       0,00    ;       0,00 ;       0,00 ;       0,00;       0,00;       0,00;       0,00;       0,00 ;       0,00;       0,00   ;       0,00 ;       0,00  ;       0,00  
VMP;VMU;CONSOMMABLES - MAT PRO                  ;  40,00          ;01/10/06         ;       0,00  ;       0,00;       0,00  ;       0,00;       0      ;       0    ;     821,90  ;       0,00  ;      26,68;     104,94  ;       0,00  ;       3,17;      33      ;       0      ;       1    ;       0,00   ;       0,00   ;       0,00;       0,00 ;       0,00;       0,00;       0,00   ;     821,90;       0,00     ;       0,00   ;       0,00    ;       0,00    ;       0,00   ;       0,00   ;       0,00;       0,00 ;       0,00;       0,00;       0,00   ;       0,00;       0,00     ;       0,00   ;       0,00    ;       0,00    ;      26,68 ;       0,00 ;       0,00;       0,00;       0,00;       0,00;       0,00 ;       0,00;       0,00   ;       0,00 ;       0,00  ;       0,00  
VMP;VMV;PIECES DETACHEES - MAT PRO              ;  40,00          ;01/10/06         ;       0,00  ;       0,00;       0,00  ;       0,00;       0      ;       0    ;       0,00  ;       0,00  ;       0,00;       0,00  ;       0,00  ;       0,00;       0      ;       0      ;       0    ;       0,00   ;       0,00   ;       0,00;       0,00 ;       0,00;       0,00;       0,00   ;       0,00;       0,00     ;       0,00   ;       0,00    ;       0,00    ;       0,00   ;       0,00   ;       0,00;       0,00 ;       0,00;       0,00;       0,00   ;       0,00;       0,00     ;       0,00   ;       0,00    ;       0,00    ;       0,00 ;       0,00 ;       0,00;       0,00;       0,00;       0,00;       0,00 ;       0,00;       0,00   ;       0,00 ;       0,00  ;       0,00  
VOC;VOC;PROTHESES OCULAIRES OU FACIALES         ;  45,00          ;15/10/12         ;       0,00  ;       0,00;       0,00  ;       0,00;       0      ;       0    ;       0,00  ;    1201,90  ;       0,00;       0,00  ;    1100,00  ;       0,00;       0      ;       4      ;       0    ;       0,00   ;       0,00   ;       0,00;       0,00 ;       0,00;       0,00;       0,00   ;       0,00;       0,00     ;       0,00   ;       0,00    ;       0,00    ;       0,00   ;     310,00   ;     589,00;     302,90 ;       0,00;       0,00;       0,00   ;       0,00;       0,00     ;       0,00   ;       0,00    ;       0,00    ;       0,00 ;       0,00 ;       0,00;       0,00;       0,00;       0,00;       0,00 ;       0,00;       0,00   ;       0,00 ;       0,00  ;       0,00  
VOR;PSS;VENTE PROTHESE DE SEIN STANDARD         ;  43,00          ;18/04/16         ;       0,00  ;       0,00;       0,00  ;       0,00;       0      ;       0    ;       0,00  ;       0,00  ;       0,00;       0,00  ;       0,00  ;       0,00;       0      ;       0      ;       0    ;       0,00   ;       0,00   ;       0,00;       0,00 ;       0,00;       0,00;       0,00   ;       0,00;       0,00     ;       0,00   ;       0,00    ;       0,00    ;       0,00   ;       0,00   ;       0,00;       0,00 ;       0,00;       0,00;       0,00   ;       0,00;       0,00     ;       0,00   ;       0,00    ;       0,00    ;       0,00 ;       0,00 ;       0,00;       0,00;       0,00;       0,00;       0,00 ;       0,00;       0,00   ;       0,00 ;       0,00  ;       0,00  
VOR;PST;VENTE PROTHESES DE SEIN TECHNIQUE       ;  43,00          ;18/04/16         ;       0,00  ;       0,00;       0,00  ;       0,00;       0      ;       0    ;       0,00  ;       0,00  ;       0,00;       0,00  ;       0,00  ;       0,00;       0      ;       0      ;       0    ;       0,00   ;       0,00   ;       0,00;       0,00 ;       0,00;       0,00;       0,00   ;       0,00;       0,00     ;       0,00   ;       0,00    ;       0,00    ;       0,00   ;       0,00   ;       0,00;       0,00 ;       0,00;       0,00;       0,00   ;       0,00;       0,00     ;       0,00   ;       0,00    ;       0,00    ;       0,00 ;       0,00 ;       0,00;       0,00;       0,00;       0,00;       0,00 ;       0,00;       0,00   ;       0,00 ;       0,00  ;       0,00  
VOR;VOR;ORTHOPEDIE DIVERS                       ;   0,00          ;04/09/12         ;       0,00  ;       0,00;       0,00  ;       0,00;       0      ;       0    ;    1926,80  ;    2466,17  ;      42,34;       0,00  ;     197,00  ;       0,00;      18      ;       8      ;       3    ;    1833,91   ;      54,25   ;      17,79;       0,00 ;       0,00;       0,00;       0,00   ;      20,85;       0,00     ;       0,00   ;       0,00    ;       0,00    ;       0,00   ;       0,00   ;     277,50;       0,00 ;       0,00;       0,00;       0,00   ;    1669,34;     373,36     ;     145,97   ;       0,00    ;       0,00    ;      28,23 ;      14,11 ;       0,00;       0,00;       0,00;       0,00;       0,00 ;       0,00;       0,00   ;       0,00 ;       0,00  ;       0,00  
VPB;VPB;PILES ET BATTERIES                      ;  40,00          ;01/10/06         ;       0,00  ;       0,00;       0,00  ;       0,00;       0      ;       0    ;     294,67  ;       0,00  ;     486,34;     137,21  ;       0,00  ;     272,43;       1      ;       0      ;       2    ;       0,00   ;       0,00   ;     294,67;       0,00 ;       0,00;       0,00;       0,00   ;       0,00;       0,00     ;       0,00   ;       0,00    ;       0,00    ;       0,00   ;       0,00   ;       0,00;       0,00 ;       0,00;       0,00;       0,00   ;       0,00;       0,00     ;       0,00   ;       0,00    ;       0,00    ;     486,34 ;       0,00 ;       0,00;       0,00;       0,00;       0,00;       0,00 ;       0,00;       0,00   ;       0,00 ;       0,00  ;       0,00  
VPE;VPE;VENTE PERFUSION SYSTEME ACTIF           ;  40,00          ;01/10/06         ;       0,00  ;       0,00;       0,00  ;       0,00;       0      ;       0    ;       0,00  ;     209,64  ;      69,88;       0,00  ;       0,00  ;       0,00;       0      ;       3      ;       1    ;       0,00   ;       0,00   ;       0,00;       0,00 ;       0,00;       0,00;       0,00   ;       0,00;       0,00     ;       0,00   ;       0,00    ;       0,00    ;       0,00   ;       0,00   ;       0,00;       0,00 ;       0,00;       0,00;      69,88   ;       0,00;       0,00     ;      69,88   ;      69,88    ;       0,00    ;      69,88 ;       0,00 ;       0,00;       0,00;       0,00;       0,00;       0,00 ;       0,00;       0,00   ;       0,00 ;       0,00  ;       0,00  
VPP;VPP;PORT POSTAL                             ;   0,00          ;01/10/06         ;       0,00  ;       0,00;       0,00  ;       0,00;       0      ;       0    ;       0,00  ;       0,00  ;       0,00;       0,00  ;       0,00  ;       0,00;       0      ;       0      ;       0    ;       0,00   ;       0,00   ;       0,00;       0,00 ;       0,00;       0,00;       0,00   ;       0,00;       0,00     ;       0,00   ;       0,00    ;       0,00    ;       0,00   ;       0,00   ;       0,00;       0,00 ;       0,00;       0,00;       0,00   ;       0,00;       0,00     ;       0,00   ;       0,00    ;       0,00    ;       0,00 ;       0,00 ;       0,00;       0,00;       0,00;       0,00;       0,00 ;       0,00;       0,00   ;       0,00 ;       0,00  ;       0,00  
VPR;VPR;PRESTATIONS                             ;  60,00          ;01/10/06         ;       0,00  ;       0,00;       0,00  ;       0,00;       0      ;       0    ;       0,00  ;       0,00  ;       0,00;       0,00  ;       0,00  ;       0,00;       0      ;       0      ;       0    ;       0,00   ;       0,00   ;       0,00;       0,00 ;       0,00;       0,00;       0,00   ;       0,00;       0,00     ;       0,00   ;       0,00    ;       0,00    ;       0,00   ;       0,00   ;       0,00;       0,00 ;       0,00;       0,00;       0,00   ;       0,00;       0,00     ;       0,00   ;       0,00    ;       0,00    ;       0,00 ;       0,00 ;       0,00;       0,00;       0,00;       0,00;       0,00 ;       0,00;       0,00   ;       0,00 ;       0,00  ;       0,00  
VPT;VPT;PORT PAR TRANSPORTEUR                   ;   0,00          ;01/10/06         ;       0,00  ;       0,00;       0,00  ;       0,00;       0      ;       0    ;       0,00  ;       0,00  ;       0,00;       0,00  ;       0,00  ;       0,00;       0      ;       0      ;       0    ;       0,00   ;       0,00   ;       0,00;       0,00 ;       0,00;       0,00;       0,00   ;       0,00;       0,00     ;       0,00   ;       0,00    ;       0,00    ;       0,00   ;       0,00   ;       0,00;       0,00 ;       0,00;       0,00;       0,00   ;       0,00;       0,00     ;       0,00   ;       0,00    ;       0,00    ;       0,00 ;       0,00 ;       0,00;       0,00;       0,00;       0,00;       0,00 ;       0,00;       0,00   ;       0,00 ;       0,00  ;       0,00  
VSB;VSA;ACCESSOIRES SALLE DE BAIN               ;  40,00          ;01/10/06         ;       0,00  ;       0,00;       0,00  ;       0,00;       0      ;       0    ;       0,00  ;       0,00  ;       0,00;       0,00  ;       0,00  ;       0,00;       0      ;       0      ;       0    ;       0,00   ;       0,00   ;       0,00;       0,00 ;       0,00;       0,00;       0,00   ;       0,00;       0,00     ;       0,00   ;       0,00    ;       0,00    ;       0,00   ;       0,00   ;       0,00;       0,00 ;       0,00;       0,00;       0,00   ;       0,00;       0,00     ;       0,00   ;       0,00    ;       0,00    ;       0,00 ;       0,00 ;       0,00;       0,00;       0,00;       0,00;       0,00 ;       0,00;       0,00   ;       0,00 ;       0,00  ;       0,00  
VSB;VSH;AIDE TECHNIQUE SALLE DE BAIN            ;  40,00          ;01/10/06         ;       0,00  ;       0,00;       0,00  ;       0,00;       0      ;       0    ;     950,00  ;     985,83  ;      72,92;     710,00  ;     720,00  ;      50,00;       4      ;       4      ;       1    ;       0,00   ;      46,50   ;       0,00;     416,67 ;       0,00;       0,00;      45,83   ;       0,00;       0,00     ;       0,00   ;     441,00    ;       0,00    ;     452,18   ;     533,65   ;       0,00;       0,00 ;       0,00;       0,00;       0,00   ;       0,00;       0,00     ;       0,00   ;       0,00    ;       0,00    ;       0,00 ;       0,00 ;       0,00;       0,00;      72,92;       0,00;       0,00 ;       0,00;       0,00   ;       0,00 ;       0,00  ;       0,00  
VSB;VSS;SECURITE SALLE DE BAIN                  ;  40,00          ;01/10/06         ;       0,00  ;       0,00;       0,00  ;       0,00;       0      ;       0    ;       0,00  ;      80,58  ;       0,00;       0,00  ;      55,50  ;       0,00;       0      ;       2      ;       0    ;       0,00   ;       0,00   ;       0,00;       0,00 ;       0,00;       0,00;       0,00   ;       0,00;       0,00     ;       0,00   ;       0,00    ;       0,00    ;       0,00   ;      80,58   ;       0,00;       0,00 ;       0,00;       0,00;       0,00   ;       0,00;       0,00     ;       0,00   ;       0,00    ;       0,00    ;       0,00 ;       0,00 ;       0,00;       0,00;       0,00;       0,00;       0,00 ;       0,00;       0,00   ;       0,00 ;       0,00  ;       0,00  
